,Unnamed: 0,Year,quarter,miles_distance,daily_passengers,average_fare,city_Dep,city_Arr,State_Arr,State_Dep,IATA_Dep,IATA_Arr,Date,Max TemperatureC_Dep,Mean TemperatureC_Dep,Min TemperatureC_Dep,Dew PointC_Dep,MeanDew PointC_Dep,Min DewpointC_Dep,Max Humidity_Dep,Mean Humidity_Dep,Min Humidity_Dep,Max Sea Level PressurehPa_Dep,Mean Sea Level PressurehPa_Dep,Min Sea Level PressurehPa_Dep,Max VisibilityKm_Dep,Mean VisibilityKm_Dep,Min VisibilitykM_Dep,Max Wind SpeedKm/h_Dep,Mean Wind SpeedKm/h_Dep,Max Gust SpeedKm/h_Dep,WindDirDegrees_Dep,Rank_2018_Dep,2018_Dep,2017_Dep,2016_Dep,2015_Dep,lat_Dep,lng_Dep,population_Dep,density_Dep,ranking_Dep,Fuel_price,Holiday,LOAD_FACTOR_Dep,Max TemperatureC_Arr,Mean TemperatureC_Arr,Min TemperatureC_Arr,Dew PointC_Arr,MeanDew PointC_Arr,Min DewpointC_Arr,Max Humidity_Arr,Mean Humidity_Arr,Min Humidity_Arr,Max Sea Level PressurehPa_Arr,Mean Sea Level PressurehPa_Arr,Min Sea Level PressurehPa_Arr,Max VisibilityKm_Arr,Mean VisibilityKm_Arr,Min VisibilitykM_Arr,Max Wind SpeedKm/h_Arr,Mean Wind SpeedKm/h_Arr,Max Gust SpeedKm/h_Arr,WindDirDegrees_Arr,Rank_2018_Arr,2018_Arr,2017_Arr,2016_Arr,2015_Arr,lat_Arr,lng_Arr,population_Arr,density_Arr,ranking_Arr,LOAD_FACTOR_Arr
0,0,2011,3,952,2335,208.31,Atlanta,Boston,MA ,MA ,ATL,BOS,2011-09-01,35,29,24,21,18,14,79,56,32,1022,1019,1017,16,16,11,19,6,26.0,129,1 ,51866464,50251964,50501858,49340732,33.7627,-84.4225,5228750.0,1384.0,1,3088,0,81.82,22,19,17,16,14,12,90,72,53,1024,1023,1021,16,16,14,23,11,26.0,67,16 ,20010262,18759742,17749202,16290362,42.3188,-71.0846,4637537.0,5472.0,1,81.82
30,30,2011,3,226,381,171.73,Atlanta,Charlotte,NC,NC,ATL,CLT,2011-09-01,35,29,24,21,18,14,79,56,32,1022,1019,1017,16,16,11,19,6,26.0,129,1 ,51866464,50251964,50501858,49340732,33.7627,-84.4225,5228750.0,1384.0,1,3088,0,81.82,33,26,17,19,18,16,93,66,38,1022,1020,1017,16,16,11,21,5,24.0,315,12 ,22283574,22011251,21511880,21913166,35.2079,-80.8304,1467362.0,1081.0,1,81.82
31,31,2011,3,737,1701,146.93,Boston,Charlotte,NC,NC,BOS,CLT,2011-09-01,22,19,17,16,14,12,90,72,53,1024,1023,1021,16,16,14,23,11,26.0,67,16 ,20010262,18759742,17749202,16290362,42.3188,-71.0846,4637537.0,5472.0,1,3088,0,81.82,33,26,17,19,18,16,93,66,38,1022,1020,1017,16,16,11,21,5,24.0,315,12 ,22283574,22011251,21511880,21913166,35.2079,-80.8304,1467362.0,1081.0,1,81.82
90,90,2011,3,606,3080,170.34,Atlanta,Chicago,IL,IL,ATL,ORD,2011-09-01,35,29,24,21,18,14,79,56,32,1022,1019,1017,16,16,11,19,6,26.0,129,1 ,51866464,50251964,50501858,49340732,33.7627,-84.4225,5228750.0,1384.0,1,3088,0,81.82,34,28,22,23,22,19,84,70,56,1015,1013,1011,16,15,11,26,9,37.0,197,3 ,39874879,38593028,37589899,36305668,41.8373,-87.6862,8675982.0,4612.0,1,81.82
91,91,2011,3,867,4534,176.17,Boston,Chicago,IL,IL,BOS,ORD,2011-09-01,22,19,17,16,14,12,90,72,53,1024,1023,1021,16,16,14,23,11,26.0,67,16 ,20010262,18759742,17749202,16290362,42.3188,-71.0846,4637537.0,5472.0,1,3088,0,81.82,34,28,22,23,22,19,84,70,56,1015,1013,1011,16,15,11,26,9,37.0,197,3 ,39874879,38593028,37589899,36305668,41.8373,-87.6862,8675982.0,4612.0,1,81.82
92,92,2011,3,599,1000,225.43,Charlotte,Chicago,IL,IL,CLT,ORD,2011-09-01,33,26,17,19,18,16,93,66,38,1022,1020,1017,16,16,11,21,5,24.0,315,12 ,22283574,22011251,21511880,21913166,35.2079,-80.8304,1467362.0,1081.0,1,3088,0,81.82,34,28,22,23,22,19,84,70,56,1015,1013,1011,16,15,11,26,9,37.0,197,3 ,39874879,38593028,37589899,36305668,41.8373,-87.6862,8675982.0,4612.0,1,81.82
180,180,2011,3,731,2246,197.85,Atlanta,Dallas,TX,TX,ATL,DFW,2011-09-01,35,29,24,21,18,14,79,56,32,1022,1019,1017,16,16,11,19,6,26.0,129,1 ,51866464,50251964,50501858,49340732,33.7627,-84.4225,5228750.0,1384.0,1,3088,0,81.82,38,33,27,17,14,11,51,35,19,1015,1013,1010,16,16,16,34,14,45.0,157,4 ,32800721,31816933,31283579,31589832,32.7936,-96.7662,5733259.0,1524.0,1,81.82
181,181,2011,3,1562,1569,297.3,Boston,Dallas,TX,TX,BOS,DFW,2011-09-01,22,19,17,16,14,12,90,72,53,1024,1023,1021,16,16,14,23,11,26.0,67,16 ,20010262,18759742,17749202,16290362,42.3188,-71.0846,4637537.0,5472.0,1,3088,0,81.82,38,33,27,17,14,11,51,35,19,1015,1013,1010,16,16,16,34,14,45.0,157,4 ,32800721,31816933,31283579,31589832,32.7936,-96.7662,5733259.0,1524.0,1,81.82
182,182,2011,3,936,658,273.86,Charlotte,Dallas,TX,TX,CLT,DFW,2011-09-01,33,26,17,19,18,16,93,66,38,1022,1020,1017,16,16,11,21,5,24.0,315,12 ,22283574,22011251,21511880,21913166,35.2079,-80.8304,1467362.0,1081.0,1,3088,0,81.82,38,33,27,17,14,11,51,35,19,1015,1013,1010,16,16,16,34,14,45.0,157,4 ,32800721,31816933,31283579,31589832,32.7936,-96.7662,5733259.0,1524.0,1,81.82
183,183,2011,3,802,3146,216.03,Chicago,Dallas,TX,TX,ORD,DFW,2011-09-01,34,28,22,23,22,19,84,70,56,1015,1013,1011,16,15,11,26,9,37.0,197,3 ,39874879,38593028,37589899,36305668,41.8373,-87.6862,8675982.0,4612.0,1,3088,0,81.82,38,33,27,17,14,11,51,35,19,1015,1013,1010,16,16,16,34,14,45.0,157,4 ,32800721,31816933,31283579,31589832,32.7936,-96.7662,5733259.0,1524.0,1,81.82
300,300,2011,3,1199,1555,175.94,Atlanta,Denver,CO,CO,ATL,DEN,2011-09-01,35,29,24,21,18,14,79,56,32,1022,1019,1017,16,16,11,19,6,26.0,129,1 ,51866464,50251964,50501858,49340732,33.7627,-84.4225,5228750.0,1384.0,1,3088,0,81.82,36,28,20,5,3,-2,34,22,9,1016,1007,1004,16,16,16,29,15,39.0,205,5 ,31363573,29809097,28267394,26280043,39.7621,-104.8759,2787266.0,1774.0,1,81.82
301,301,2011,3,1754,1978,233.35,Boston,Denver,CO,CO,BOS,DEN,2011-09-01,22,19,17,16,14,12,90,72,53,1024,1023,1021,16,16,14,23,11,26.0,67,16 ,20010262,18759742,17749202,16290362,42.3188,-71.0846,4637537.0,5472.0,1,3088,0,81.82,36,28,20,5,3,-2,34,22,9,1016,1007,1004,16,16,16,29,15,39.0,205,5 ,31363573,29809097,28267394,26280043,39.7621,-104.8759,2787266.0,1774.0,1,81.82
302,302,2011,3,1337,391,296.21,Charlotte,Denver,CO,CO,CLT,DEN,2011-09-01,33,26,17,19,18,16,93,66,38,1022,1020,1017,16,16,11,21,5,24.0,315,12 ,22283574,22011251,21511880,21913166,35.2079,-80.8304,1467362.0,1081.0,1,3088,0,81.82,36,28,20,5,3,-2,34,22,9,1016,1007,1004,16,16,16,29,15,39.0,205,5 ,31363573,29809097,28267394,26280043,39.7621,-104.8759,2787266.0,1774.0,1,81.82
303,303,2011,3,895,3057,188.85,Chicago,Denver,CO,CO,ORD,DEN,2011-09-01,34,28,22,23,22,19,84,70,56,1015,1013,1011,16,15,11,26,9,37.0,197,3 ,39874879,38593028,37589899,36305668,41.8373,-87.6862,8675982.0,4612.0,1,3088,0,81.82,36,28,20,5,3,-2,34,22,9,1016,1007,1004,16,16,16,29,15,39.0,205,5 ,31363573,29809097,28267394,26280043,39.7621,-104.8759,2787266.0,1774.0,1,81.82
304,304,2011,3,651,2165,172.85,Dallas,Denver,CO,CO,DFW,DEN,2011-09-01,38,33,27,17,14,11,51,35,19,1015,1013,1010,16,16,16,34,14,45.0,157,4 ,32800721,31816933,31283579,31589832,32.7936,-96.7662,5733259.0,1524.0,1,3088,0,81.82,36,28,20,5,3,-2,34,22,9,1016,1007,1004,16,16,16,29,15,39.0,205,5 ,31363573,29809097,28267394,26280043,39.7621,-104.8759,2787266.0,1774.0,1,81.82
450,450,2011,3,594,1252,184.39,Atlanta,Detroit,MI,MI,ATL,DTW,2011-09-01,35,29,24,21,18,14,79,56,32,1022,1019,1017,16,16,11,19,6,26.0,129,1 ,51866464,50251964,50501858,49340732,33.7627,-84.4225,5228750.0,1384.0,1,3088,0,81.82,33,28,22,22,20,19,84,64,44,1016,1015,1013,16,11,5,19,6,21.0,194,19 ,17437716,17036092,16826287,16255520,42.3834,-83.1024,3522206.0,1873.0,1,81.82
451,451,2011,3,632,978,271.24,Boston,Detroit,MI,MI,BOS,DTW,2011-09-01,22,19,17,16,14,12,90,72,53,1024,1023,1021,16,16,14,23,11,26.0,67,16 ,20010262,18759742,17749202,16290362,42.3188,-71.0846,4637537.0,5472.0,1,3088,0,81.82,33,28,22,22,20,19,84,64,44,1016,1015,1013,16,11,5,19,6,21.0,194,19 ,17437716,17036092,16826287,16255520,42.3834,-83.1024,3522206.0,1873.0,1,81.82
452,452,2011,3,500,393,236.79,Charlotte,Detroit,MI,MI,CLT,DTW,2011-09-01,33,26,17,19,18,16,93,66,38,1022,1020,1017,16,16,11,21,5,24.0,315,12 ,22283574,22011251,21511880,21913166,35.2079,-80.8304,1467362.0,1081.0,1,3088,0,81.82,33,28,22,22,20,19,84,64,44,1016,1015,1013,16,11,5,19,6,21.0,194,19 ,17437716,17036092,16826287,16255520,42.3834,-83.1024,3522206.0,1873.0,1,81.82
453,453,2011,3,235,1464,149.86,Chicago,Detroit,MI,MI,ORD,DTW,2011-09-01,34,28,22,23,22,19,84,70,56,1015,1013,1011,16,15,11,26,9,37.0,197,3 ,39874879,38593028,37589899,36305668,41.8373,-87.6862,8675982.0,4612.0,1,3088,0,81.82,33,28,22,22,20,19,84,64,44,1016,1015,1013,16,11,5,19,6,21.0,194,19 ,17437716,17036092,16826287,16255520,42.3834,-83.1024,3522206.0,1873.0,1,81.82
454,454,2011,3,986,835,255.07,Dallas,Detroit,MI,MI,DFW,DTW,2011-09-01,38,33,27,17,14,11,51,35,19,1015,1013,1010,16,16,16,34,14,45.0,157,4 ,32800721,31816933,31283579,31589832,32.7936,-96.7662,5733259.0,1524.0,1,3088,0,81.82,33,28,22,22,20,19,84,64,44,1016,1015,1013,16,11,5,19,6,21.0,194,19 ,17437716,17036092,16826287,16255520,42.3834,-83.1024,3522206.0,1873.0,1,81.82
455,455,2011,3,1123,1123,183.15,Denver,Detroit,MI,MI,DEN,DTW,2011-09-01,36,28,20,5,3,-2,34,22,9,1016,1007,1004,16,16,16,29,15,39.0,205,5 ,31363573,29809097,28267394,26280043,39.7621,-104.8759,2787266.0,1774.0,1,3088,0,81.82,33,28,22,22,20,19,84,64,44,1016,1015,1013,16,11,5,19,6,21.0,194,19 ,17437716,17036092,16826287,16255520,42.3834,-83.1024,3522206.0,1873.0,1,81.82
630,630,2011,3,696,1373,203.41,Atlanta,Houston,TX,TX,ATL,IAH,2011-09-01,35,29,24,21,18,14,79,56,32,1022,1019,1017,16,16,11,19,6,26.0,129,1 ,51866464,50251964,50501858,49340732,33.7627,-84.4225,5228750.0,1384.0,1,3088,0,81.82,39,31,25,24,22,19,82,61,32,1015,1013,1010,16,16,13,27,10,34.0,77,14 ,21157948,19603731,20062072,20595874,29.7869,-95.3905,5446468.0,1401.0,1,81.82
631,631,2011,3,1609,1115,278.94,Boston,Houston,TX,TX,BOS,IAH,2011-09-01,22,19,17,16,14,12,90,72,53,1024,1023,1021,16,16,14,23,11,26.0,67,16 ,20010262,18759742,17749202,16290362,42.3188,-71.0846,4637537.0,5472.0,1,3088,0,81.82,39,31,25,24,22,19,82,61,32,1015,1013,1010,16,16,13,27,10,34.0,77,14 ,21157948,19603731,20062072,20595874,29.7869,-95.3905,5446468.0,1401.0,1,81.82
632,632,2011,3,920,394,273.2,Charlotte,Houston,TX,TX,CLT,IAH,2011-09-01,33,26,17,19,18,16,93,66,38,1022,1020,1017,16,16,11,21,5,24.0,315,12 ,22283574,22011251,21511880,21913166,35.2079,-80.8304,1467362.0,1081.0,1,3088,0,81.82,39,31,25,24,22,19,82,61,32,1015,1013,1010,16,16,13,27,10,34.0,77,14 ,21157948,19603731,20062072,20595874,29.7869,-95.3905,5446468.0,1401.0,1,81.82
633,633,2011,3,945,2338,226.19,Chicago,Houston,TX,TX,ORD,IAH,2011-09-01,34,28,22,23,22,19,84,70,56,1015,1013,1011,16,15,11,26,9,37.0,197,3 ,39874879,38593028,37589899,36305668,41.8373,-87.6862,8675982.0,4612.0,1,3088,0,81.82,39,31,25,24,22,19,82,61,32,1015,1013,1010,16,16,13,27,10,34.0,77,14 ,21157948,19603731,20062072,20595874,29.7869,-95.3905,5446468.0,1401.0,1,81.82
634,634,2011,3,247,3150,156.04,Dallas,Houston,TX,TX,DFW,IAH,2011-09-01,38,33,27,17,14,11,51,35,19,1015,1013,1010,16,16,16,34,14,45.0,157,4 ,32800721,31816933,31283579,31589832,32.7936,-96.7662,5733259.0,1524.0,1,3088,0,81.82,39,31,25,24,22,19,82,61,32,1015,1013,1010,16,16,13,27,10,34.0,77,14 ,21157948,19603731,20062072,20595874,29.7869,-95.3905,5446468.0,1401.0,1,81.82
635,635,2011,3,883,2077,177.18,Denver,Houston,TX,TX,DEN,IAH,2011-09-01,36,28,20,5,3,-2,34,22,9,1016,1007,1004,16,16,16,29,15,39.0,205,5 ,31363573,29809097,28267394,26280043,39.7621,-104.8759,2787266.0,1774.0,1,3088,0,81.82,39,31,25,24,22,19,82,61,32,1015,1013,1010,16,16,13,27,10,34.0,77,14 ,21157948,19603731,20062072,20595874,29.7869,-95.3905,5446468.0,1401.0,1,81.82
636,636,2011,3,1092,605,274.46,Detroit,Houston,TX,TX,DTW,IAH,2011-09-01,33,28,22,22,20,19,84,64,44,1016,1015,1013,16,11,5,19,6,21.0,194,19 ,17437716,17036092,16826287,16255520,42.3834,-83.1024,3522206.0,1873.0,1,3088,0,81.82,39,31,25,24,22,19,82,61,32,1015,1013,1010,16,16,13,27,10,34.0,77,14 ,21157948,19603731,20062072,20595874,29.7869,-95.3905,5446468.0,1401.0,1,81.82
840,840,2011,3,1747,1274,230.24,Atlanta,Las Vegas,NV,NV,ATL,LAS,2011-09-01,35,29,24,21,18,14,79,56,32,1022,1019,1017,16,16,11,19,6,26.0,129,1 ,51866464,50251964,50501858,49340732,33.7627,-84.4225,5228750.0,1384.0,1,3088,0,81.82,39,33,26,-12,-16,-27,7,4,1,1008,1005,1003,16,16,16,39,24,48.0,206,9 ,23655285,23364393,22833267,21824231,36.2333,-115.2654,2073045.0,1747.0,1,81.82
841,841,2011,3,2381,1464,247.0,Boston,Las Vegas,NV,NV,BOS,LAS,2011-09-01,22,19,17,16,14,12,90,72,53,1024,1023,1021,16,16,14,23,11,26.0,67,16 ,20010262,18759742,17749202,16290362,42.3188,-71.0846,4637537.0,5472.0,1,3088,0,81.82,39,33,26,-12,-16,-27,7,4,1,1008,1005,1003,16,16,16,39,24,48.0,206,9 ,23655285,23364393,22833267,21824231,36.2333,-115.2654,2073045.0,1747.0,1,81.82
842,842,2011,3,1916,539,247.91,Charlotte,Las Vegas,NV,NV,CLT,LAS,2011-09-01,33,26,17,19,18,16,93,66,38,1022,1020,1017,16,16,11,21,5,24.0,315,12 ,22283574,22011251,21511880,21913166,35.2079,-80.8304,1467362.0,1081.0,1,3088,0,81.82,39,33,26,-12,-16,-27,7,4,1,1008,1005,1003,16,16,16,39,24,48.0,206,9 ,23655285,23364393,22833267,21824231,36.2333,-115.2654,2073045.0,1747.0,1,81.82
843,843,2011,3,1521,3338,195.15,Chicago,Las Vegas,NV,NV,ORD,LAS,2011-09-01,34,28,22,23,22,19,84,70,56,1015,1013,1011,16,15,11,26,9,37.0,197,3 ,39874879,38593028,37589899,36305668,41.8373,-87.6862,8675982.0,4612.0,1,3088,0,81.82,39,33,26,-12,-16,-27,7,4,1,1008,1005,1003,16,16,16,39,24,48.0,206,9 ,23655285,23364393,22833267,21824231,36.2333,-115.2654,2073045.0,1747.0,1,81.82
844,844,2011,3,1067,2516,163.56,Dallas,Las Vegas,NV,NV,DFW,LAS,2011-09-01,38,33,27,17,14,11,51,35,19,1015,1013,1010,16,16,16,34,14,45.0,157,4 ,32800721,31816933,31283579,31589832,32.7936,-96.7662,5733259.0,1524.0,1,3088,0,81.82,39,33,26,-12,-16,-27,7,4,1,1008,1005,1003,16,16,16,39,24,48.0,206,9 ,23655285,23364393,22833267,21824231,36.2333,-115.2654,2073045.0,1747.0,1,81.82
845,845,2011,3,628,2458,121.42,Denver,Las Vegas,NV,NV,DEN,LAS,2011-09-01,36,28,20,5,3,-2,34,22,9,1016,1007,1004,16,16,16,29,15,39.0,205,5 ,31363573,29809097,28267394,26280043,39.7621,-104.8759,2787266.0,1774.0,1,3088,0,81.82,39,33,26,-12,-16,-27,7,4,1,1008,1005,1003,16,16,16,39,24,48.0,206,9 ,23655285,23364393,22833267,21824231,36.2333,-115.2654,2073045.0,1747.0,1,81.82
846,846,2011,3,1749,1929,184.92,Detroit,Las Vegas,NV,NV,DTW,LAS,2011-09-01,33,28,22,22,20,19,84,64,44,1016,1015,1013,16,11,5,19,6,21.0,194,19 ,17437716,17036092,16826287,16255520,42.3834,-83.1024,3522206.0,1873.0,1,3088,0,81.82,39,33,26,-12,-16,-27,7,4,1,1008,1005,1003,16,16,16,39,24,48.0,206,9 ,23655285,23364393,22833267,21824231,36.2333,-115.2654,2073045.0,1747.0,1,81.82
847,847,2011,3,1235,1750,204.11,Houston,Las Vegas,NV,NV,IAH,LAS,2011-09-01,39,31,25,24,22,19,82,61,32,1015,1013,1010,16,16,13,27,10,34.0,77,14 ,21157948,19603731,20062072,20595874,29.7869,-95.3905,5446468.0,1401.0,1,3088,0,81.82,39,33,26,-12,-16,-27,7,4,1,1008,1005,1003,16,16,16,39,24,48.0,206,9 ,23655285,23364393,22833267,21824231,36.2333,-115.2654,2073045.0,1747.0,1,81.82
1080,1080,2011,3,1946,2761,250.1,Atlanta,Los Angeles,CA ,CA ,ATL,LAX,2011-09-01,35,29,24,21,18,14,79,56,32,1022,1019,1017,16,16,11,19,6,26.0,129,1 ,51866464,50251964,50501858,49340732,33.7627,-84.4225,5228750.0,1384.0,1,3088,0,81.82,21,18,15,14,14,13,90,76,61,1012,1011,1009,16,11,4,23,13,,265,2 ,42626783,41232432,39636042,36351226,34.1139,-118.4068,12815475.0,3295.0,1,81.82
1081,1081,2011,3,2611,3522,301.57,Boston,Los Angeles,CA ,CA ,BOS,LAX,2011-09-01,22,19,17,16,14,12,90,72,53,1024,1023,1021,16,16,14,23,11,26.0,67,16 ,20010262,18759742,17749202,16290362,42.3188,-71.0846,4637537.0,5472.0,1,3088,0,81.82,21,18,15,14,14,13,90,76,61,1012,1011,1009,16,11,4,23,13,,265,2 ,42626783,41232432,39636042,36351226,34.1139,-118.4068,12815475.0,3295.0,1,81.82
1082,1082,2011,3,2125,772,313.54,Charlotte,Los Angeles,CA ,CA ,CLT,LAX,2011-09-01,33,26,17,19,18,16,93,66,38,1022,1020,1017,16,16,11,21,5,24.0,315,12 ,22283574,22011251,21511880,21913166,35.2079,-80.8304,1467362.0,1081.0,1,3088,0,81.82,21,18,15,14,14,13,90,76,61,1012,1011,1009,16,11,4,23,13,,265,2 ,42626783,41232432,39636042,36351226,34.1139,-118.4068,12815475.0,3295.0,1,81.82
1083,1083,2011,3,1750,6272,219.45,Chicago,Los Angeles,CA ,CA ,ORD,LAX,2011-09-01,34,28,22,23,22,19,84,70,56,1015,1013,1011,16,15,11,26,9,37.0,197,3 ,39874879,38593028,37589899,36305668,41.8373,-87.6862,8675982.0,4612.0,1,3088,0,81.82,21,18,15,14,14,13,90,76,61,1012,1011,1009,16,11,4,23,13,,265,2 ,42626783,41232432,39636042,36351226,34.1139,-118.4068,12815475.0,3295.0,1,81.82
1084,1084,2011,3,1246,4408,207.79,Dallas,Los Angeles,CA ,CA ,DFW,LAX,2011-09-01,38,33,27,17,14,11,51,35,19,1015,1013,1010,16,16,16,34,14,45.0,157,4 ,32800721,31816933,31283579,31589832,32.7936,-96.7662,5733259.0,1524.0,1,3088,0,81.82,21,18,15,14,14,13,90,76,61,1012,1011,1009,16,11,4,23,13,,265,2 ,42626783,41232432,39636042,36351226,34.1139,-118.4068,12815475.0,3295.0,1,81.82
1085,1085,2011,3,862,4774,158.71,Denver,Los Angeles,CA ,CA ,DEN,LAX,2011-09-01,36,28,20,5,3,-2,34,22,9,1016,1007,1004,16,16,16,29,15,39.0,205,5 ,31363573,29809097,28267394,26280043,39.7621,-104.8759,2787266.0,1774.0,1,3088,0,81.82,21,18,15,14,14,13,90,76,61,1012,1011,1009,16,11,4,23,13,,265,2 ,42626783,41232432,39636042,36351226,34.1139,-118.4068,12815475.0,3295.0,1,81.82
1086,1086,2011,3,1979,1976,246.19,Detroit,Los Angeles,CA ,CA ,DTW,LAX,2011-09-01,33,28,22,22,20,19,84,64,44,1016,1015,1013,16,11,5,19,6,21.0,194,19 ,17437716,17036092,16826287,16255520,42.3834,-83.1024,3522206.0,1873.0,1,3088,0,81.82,21,18,15,14,14,13,90,76,61,1012,1011,1009,16,11,4,23,13,,265,2 ,42626783,41232432,39636042,36351226,34.1139,-118.4068,12815475.0,3295.0,1,81.82
1087,1087,2011,3,1390,2621,254.28,Houston,Los Angeles,CA ,CA ,IAH,LAX,2011-09-01,39,31,25,24,22,19,82,61,32,1015,1013,1010,16,16,13,27,10,34.0,77,14 ,21157948,19603731,20062072,20595874,29.7869,-95.3905,5446468.0,1401.0,1,3088,0,81.82,21,18,15,14,14,13,90,76,61,1012,1011,1009,16,11,4,23,13,,265,2 ,42626783,41232432,39636042,36351226,34.1139,-118.4068,12815475.0,3295.0,1,81.82
1088,1088,2011,3,236,6474,115.0,Las Vegas,Los Angeles,CA ,CA ,LAS,LAX,2011-09-01,39,33,26,-12,-16,-27,7,4,1,1008,1005,1003,16,16,16,39,24,48.0,206,9 ,23655285,23364393,22833267,21824231,36.2333,-115.2654,2073045.0,1747.0,1,3088,0,81.82,21,18,15,14,14,13,90,76,61,1012,1011,1009,16,11,4,23,13,,265,2 ,42626783,41232432,39636042,36351226,34.1139,-118.4068,12815475.0,3295.0,1,81.82
1350,1350,2011,3,594,3115,125.48,Atlanta,Miami,FL ,FL ,ATL,MIA,2011-09-01,35,29,24,21,18,14,79,56,32,1022,1019,1017,16,16,11,19,6,26.0,129,1 ,51866464,50251964,50501858,49340732,33.7627,-84.4225,5228750.0,1384.0,1,3088,0,81.82,32,29,25,26,24,23,97,83,68,1018,1016,1015,16,16,11,24,6,34.0,29,15 ,21025210,20709225,20875813,20986341,25.7839,-80.2102,6381966.0,4969.0,1,81.82
1351,1351,2011,3,1283,2722,166.25,Boston,Miami,FL ,FL ,BOS,MIA,2011-09-01,22,19,17,16,14,12,90,72,53,1024,1023,1021,16,16,14,23,11,26.0,67,16 ,20010262,18759742,17749202,16290362,42.3188,-71.0846,4637537.0,5472.0,1,3088,0,81.82,32,29,25,26,24,23,97,83,68,1018,1016,1015,16,16,11,24,6,34.0,29,15 ,21025210,20709225,20875813,20986341,25.7839,-80.2102,6381966.0,4969.0,1,81.82
1352,1352,2011,3,650,669,211.5,Charlotte,Miami,FL ,FL ,CLT,MIA,2011-09-01,33,26,17,19,18,16,93,66,38,1022,1020,1017,16,16,11,21,5,24.0,315,12 ,22283574,22011251,21511880,21913166,35.2079,-80.8304,1467362.0,1081.0,1,3088,0,81.82,32,29,25,26,24,23,97,83,68,1018,1016,1015,16,16,11,24,6,34.0,29,15 ,21025210,20709225,20875813,20986341,25.7839,-80.2102,6381966.0,4969.0,1,81.82
1353,1353,2011,3,1197,2755,168.97,Chicago,Miami,FL ,FL ,ORD,MIA,2011-09-01,34,28,22,23,22,19,84,70,56,1015,1013,1011,16,15,11,26,9,37.0,197,3 ,39874879,38593028,37589899,36305668,41.8373,-87.6862,8675982.0,4612.0,1,3088,0,81.82,32,29,25,26,24,23,97,83,68,1018,1016,1015,16,16,11,24,6,34.0,29,15 ,21025210,20709225,20875813,20986341,25.7839,-80.2102,6381966.0,4969.0,1,81.82
1354,1354,2011,3,1121,1571,175.48,Dallas,Miami,FL ,FL ,DFW,MIA,2011-09-01,38,33,27,17,14,11,51,35,19,1015,1013,1010,16,16,16,34,14,45.0,157,4 ,32800721,31816933,31283579,31589832,32.7936,-96.7662,5733259.0,1524.0,1,3088,0,81.82,32,29,25,26,24,23,97,83,68,1018,1016,1015,16,16,11,24,6,34.0,29,15 ,21025210,20709225,20875813,20986341,25.7839,-80.2102,6381966.0,4969.0,1,81.82
1355,1355,2011,3,1709,909,208.62,Denver,Miami,FL ,FL ,DEN,MIA,2011-09-01,36,28,20,5,3,-2,34,22,9,1016,1007,1004,16,16,16,29,15,39.0,205,5 ,31363573,29809097,28267394,26280043,39.7621,-104.8759,2787266.0,1774.0,1,3088,0,81.82,32,29,25,26,24,23,97,83,68,1018,1016,1015,16,16,11,24,6,34.0,29,15 ,21025210,20709225,20875813,20986341,25.7839,-80.2102,6381966.0,4969.0,1,81.82
1356,1356,2011,3,1145,1441,128.16,Detroit,Miami,FL ,FL ,DTW,MIA,2011-09-01,33,28,22,22,20,19,84,64,44,1016,1015,1013,16,11,5,19,6,21.0,194,19 ,17437716,17036092,16826287,16255520,42.3834,-83.1024,3522206.0,1873.0,1,3088,0,81.82,32,29,25,26,24,23,97,83,68,1018,1016,1015,16,16,11,24,6,34.0,29,15 ,21025210,20709225,20875813,20986341,25.7839,-80.2102,6381966.0,4969.0,1,81.82
1357,1357,2011,3,965,959,235.73,Houston,Miami,FL ,FL ,IAH,MIA,2011-09-01,39,31,25,24,22,19,82,61,32,1015,1013,1010,16,16,13,27,10,34.0,77,14 ,21157948,19603731,20062072,20595874,29.7869,-95.3905,5446468.0,1401.0,1,3088,0,81.82,32,29,25,26,24,23,97,83,68,1018,1016,1015,16,16,11,24,6,34.0,29,15 ,21025210,20709225,20875813,20986341,25.7839,-80.2102,6381966.0,4969.0,1,81.82
1358,1358,2011,3,2174,1235,241.89,Las Vegas,Miami,FL ,FL ,LAS,MIA,2011-09-01,39,33,26,-12,-16,-27,7,4,1,1008,1005,1003,16,16,16,39,24,48.0,206,9 ,23655285,23364393,22833267,21824231,36.2333,-115.2654,2073045.0,1747.0,1,3088,0,81.82,32,29,25,26,24,23,97,83,68,1018,1016,1015,16,16,11,24,6,34.0,29,15 ,21025210,20709225,20875813,20986341,25.7839,-80.2102,6381966.0,4969.0,1,81.82
1359,1359,2011,3,2342,2572,252.96,Los Angeles,Miami,FL ,FL ,LAX,MIA,2011-09-01,21,18,15,14,14,13,90,76,61,1012,1011,1009,16,11,4,23,13,,265,2 ,42626783,41232432,39636042,36351226,34.1139,-118.4068,12815475.0,3295.0,1,3088,0,81.82,32,29,25,26,24,23,97,83,68,1018,1016,1015,16,16,11,24,6,34.0,29,15 ,21025210,20709225,20875813,20986341,25.7839,-80.2102,6381966.0,4969.0,1,81.82
1650,1650,2011,3,907,1272,205.98,Atlanta,Minneapolis,MN,MN,ATL,MSP,2011-09-01,35,29,24,21,18,14,79,56,32,1022,1019,1017,16,16,11,19,6,26.0,129,1 ,51866464,50251964,50501858,49340732,33.7627,-84.4225,5228750.0,1384.0,1,3088,0,81.82,34,28,22,23,21,19,90,70,49,1011,1007,1004,16,13,6,32,14,42.0,150,17 ,18363493,18409704,18123844,17634252,44.9635,-93.2678,2926757.0,3019.0,1,81.82
1651,1651,2011,3,1124,1461,244.29,Boston,Minneapolis,MN,MN,BOS,MSP,2011-09-01,22,19,17,16,14,12,90,72,53,1024,1023,1021,16,16,14,23,11,26.0,67,16 ,20010262,18759742,17749202,16290362,42.3188,-71.0846,4637537.0,5472.0,1,3088,0,81.82,34,28,22,23,21,19,90,70,49,1011,1007,1004,16,13,6,32,14,42.0,150,17 ,18363493,18409704,18123844,17634252,44.9635,-93.2678,2926757.0,3019.0,1,81.82
1652,1652,2011,3,930,454,247.4,Charlotte,Minneapolis,MN,MN,CLT,MSP,2011-09-01,33,26,17,19,18,16,93,66,38,1022,1020,1017,16,16,11,21,5,24.0,315,12 ,22283574,22011251,21511880,21913166,35.2079,-80.8304,1467362.0,1081.0,1,3088,0,81.82,34,28,22,23,21,19,90,70,49,1011,1007,1004,16,13,6,32,14,42.0,150,17 ,18363493,18409704,18123844,17634252,44.9635,-93.2678,2926757.0,3019.0,1,81.82
1653,1653,2011,3,349,2984,145.33,Chicago,Minneapolis,MN,MN,ORD,MSP,2011-09-01,34,28,22,23,22,19,84,70,56,1015,1013,1011,16,15,11,26,9,37.0,197,3 ,39874879,38593028,37589899,36305668,41.8373,-87.6862,8675982.0,4612.0,1,3088,0,81.82,34,28,22,23,21,19,90,70,49,1011,1007,1004,16,13,6,32,14,42.0,150,17 ,18363493,18409704,18123844,17634252,44.9635,-93.2678,2926757.0,3019.0,1,81.82
1654,1654,2011,3,853,1111,211.85,Dallas,Minneapolis,MN,MN,DFW,MSP,2011-09-01,38,33,27,17,14,11,51,35,19,1015,1013,1010,16,16,16,34,14,45.0,157,4 ,32800721,31816933,31283579,31589832,32.7936,-96.7662,5733259.0,1524.0,1,3088,0,81.82,34,28,22,23,21,19,90,70,49,1011,1007,1004,16,13,6,32,14,42.0,150,17 ,18363493,18409704,18123844,17634252,44.9635,-93.2678,2926757.0,3019.0,1,81.82
1655,1655,2011,3,680,2114,138.75,Denver,Minneapolis,MN,MN,DEN,MSP,2011-09-01,36,28,20,5,3,-2,34,22,9,1016,1007,1004,16,16,16,29,15,39.0,205,5 ,31363573,29809097,28267394,26280043,39.7621,-104.8759,2787266.0,1774.0,1,3088,0,81.82,34,28,22,23,21,19,90,70,49,1011,1007,1004,16,13,6,32,14,42.0,150,17 ,18363493,18409704,18123844,17634252,44.9635,-93.2678,2926757.0,3019.0,1,81.82
1656,1656,2011,3,528,547,309.85,Detroit,Minneapolis,MN,MN,DTW,MSP,2011-09-01,33,28,22,22,20,19,84,64,44,1016,1015,1013,16,11,5,19,6,21.0,194,19 ,17437716,17036092,16826287,16255520,42.3834,-83.1024,3522206.0,1873.0,1,3088,0,81.82,34,28,22,23,21,19,90,70,49,1011,1007,1004,16,13,6,32,14,42.0,150,17 ,18363493,18409704,18123844,17634252,44.9635,-93.2678,2926757.0,3019.0,1,81.82
1657,1657,2011,3,1057,582,267.66,Houston,Minneapolis,MN,MN,IAH,MSP,2011-09-01,39,31,25,24,22,19,82,61,32,1015,1013,1010,16,16,13,27,10,34.0,77,14 ,21157948,19603731,20062072,20595874,29.7869,-95.3905,5446468.0,1401.0,1,3088,0,81.82,34,28,22,23,21,19,90,70,49,1011,1007,1004,16,13,6,32,14,42.0,150,17 ,18363493,18409704,18123844,17634252,44.9635,-93.2678,2926757.0,3019.0,1,81.82
1658,1658,2011,3,1299,1149,195.85,Las Vegas,Minneapolis,MN,MN,LAS,MSP,2011-09-01,39,33,26,-12,-16,-27,7,4,1,1008,1005,1003,16,16,16,39,24,48.0,206,9 ,23655285,23364393,22833267,21824231,36.2333,-115.2654,2073045.0,1747.0,1,3088,0,81.82,34,28,22,23,21,19,90,70,49,1011,1007,1004,16,13,6,32,14,42.0,150,17 ,18363493,18409704,18123844,17634252,44.9635,-93.2678,2926757.0,3019.0,1,81.82
1659,1659,2011,3,1535,1991,237.22,Los Angeles,Minneapolis,MN,MN,LAX,MSP,2011-09-01,21,18,15,14,14,13,90,76,61,1012,1011,1009,16,11,4,23,13,,265,2 ,42626783,41232432,39636042,36351226,34.1139,-118.4068,12815475.0,3295.0,1,3088,0,81.82,34,28,22,23,21,19,90,70,49,1011,1007,1004,16,13,6,32,14,42.0,150,17 ,18363493,18409704,18123844,17634252,44.9635,-93.2678,2926757.0,3019.0,1,81.82
1660,1660,2011,3,1501,484,221.75,Miami,Minneapolis,MN,MN,MIA,MSP,2011-09-01,32,29,25,26,24,23,97,83,68,1018,1016,1015,16,16,11,24,6,34.0,29,15 ,21025210,20709225,20875813,20986341,25.7839,-80.2102,6381966.0,4969.0,1,3088,0,81.82,34,28,22,23,21,19,90,70,49,1011,1007,1004,16,13,6,32,14,42.0,150,17 ,18363493,18409704,18123844,17634252,44.9635,-93.2678,2926757.0,3019.0,1,81.82
1980,1980,2011,3,404,1306,160.58,Atlanta,Orlando,FL,FL,ATL,MCO,2011-09-01,35,29,24,21,18,14,79,56,32,1022,1019,1017,16,16,11,19,6,26.0,129,1 ,51866464,50251964,50501858,49340732,33.7627,-84.4225,5228750.0,1384.0,1,3088,0,81.82,32,28,23,25,24,23,100,80,59,1019,1017,1016,16,16,16,23,6,35.0,73,10 ,23184634,21565448,20283541,18759938,28.4772,-81.3369,1776841.0,982.0,1,81.82
1981,1981,2011,3,1142,3654,147.78,Boston,Orlando,FL,FL,BOS,MCO,2011-09-01,22,19,17,16,14,12,90,72,53,1024,1023,1021,16,16,14,23,11,26.0,67,16 ,20010262,18759742,17749202,16290362,42.3188,-71.0846,4637537.0,5472.0,1,3088,0,81.82,32,28,23,25,24,23,100,80,59,1019,1017,1016,16,16,16,23,6,35.0,73,10 ,23184634,21565448,20283541,18759938,28.4772,-81.3369,1776841.0,982.0,1,81.82
1982,1982,2011,3,468,613,149.45,Charlotte,Orlando,FL,FL,CLT,MCO,2011-09-01,33,26,17,19,18,16,93,66,38,1022,1020,1017,16,16,11,21,5,24.0,315,12 ,22283574,22011251,21511880,21913166,35.2079,-80.8304,1467362.0,1081.0,1,3088,0,81.82,32,28,23,25,24,23,100,80,59,1019,1017,1016,16,16,16,23,6,35.0,73,10 ,23184634,21565448,20283541,18759938,28.4772,-81.3369,1776841.0,982.0,1,81.82
1983,1983,2011,3,1005,2770,159.18,Chicago,Orlando,FL,FL,ORD,MCO,2011-09-01,34,28,22,23,22,19,84,70,56,1015,1013,1011,16,15,11,26,9,37.0,197,3 ,39874879,38593028,37589899,36305668,41.8373,-87.6862,8675982.0,4612.0,1,3088,0,81.82,32,28,23,25,24,23,100,80,59,1019,1017,1016,16,16,16,23,6,35.0,73,10 ,23184634,21565448,20283541,18759938,28.4772,-81.3369,1776841.0,982.0,1,81.82
1984,1984,2011,3,985,1718,171.14,Dallas,Orlando,FL,FL,DFW,MCO,2011-09-01,38,33,27,17,14,11,51,35,19,1015,1013,1010,16,16,16,34,14,45.0,157,4 ,32800721,31816933,31283579,31589832,32.7936,-96.7662,5733259.0,1524.0,1,3088,0,81.82,32,28,23,25,24,23,100,80,59,1019,1017,1016,16,16,16,23,6,35.0,73,10 ,23184634,21565448,20283541,18759938,28.4772,-81.3369,1776841.0,982.0,1,81.82
1985,1985,2011,3,1546,1020,205.83,Denver,Orlando,FL,FL,DEN,MCO,2011-09-01,36,28,20,5,3,-2,34,22,9,1016,1007,1004,16,16,16,29,15,39.0,205,5 ,31363573,29809097,28267394,26280043,39.7621,-104.8759,2787266.0,1774.0,1,3088,0,81.82,32,28,23,25,24,23,100,80,59,1019,1017,1016,16,16,16,23,6,35.0,73,10 ,23184634,21565448,20283541,18759938,28.4772,-81.3369,1776841.0,982.0,1,81.82
1986,1986,2011,3,957,1991,117.87,Detroit,Orlando,FL,FL,DTW,MCO,2011-09-01,33,28,22,22,20,19,84,64,44,1016,1015,1013,16,11,5,19,6,21.0,194,19 ,17437716,17036092,16826287,16255520,42.3834,-83.1024,3522206.0,1873.0,1,3088,0,81.82,32,28,23,25,24,23,100,80,59,1019,1017,1016,16,16,16,23,6,35.0,73,10 ,23184634,21565448,20283541,18759938,28.4772,-81.3369,1776841.0,982.0,1,81.82
1987,1987,2011,3,854,955,229.3,Houston,Orlando,FL,FL,IAH,MCO,2011-09-01,39,31,25,24,22,19,82,61,32,1015,1013,1010,16,16,13,27,10,34.0,77,14 ,21157948,19603731,20062072,20595874,29.7869,-95.3905,5446468.0,1401.0,1,3088,0,81.82,32,28,23,25,24,23,100,80,59,1019,1017,1016,16,16,16,23,6,35.0,73,10 ,23184634,21565448,20283541,18759938,28.4772,-81.3369,1776841.0,982.0,1,81.82
1988,1988,2011,3,2039,727,247.08,Las Vegas,Orlando,FL,FL,LAS,MCO,2011-09-01,39,33,26,-12,-16,-27,7,4,1,1008,1005,1003,16,16,16,39,24,48.0,206,9 ,23655285,23364393,22833267,21824231,36.2333,-115.2654,2073045.0,1747.0,1,3088,0,81.82,32,28,23,25,24,23,100,80,59,1019,1017,1016,16,16,16,23,6,35.0,73,10 ,23184634,21565448,20283541,18759938,28.4772,-81.3369,1776841.0,982.0,1,81.82
1989,1989,2011,3,2218,1784,246.23,Los Angeles,Orlando,FL,FL,LAX,MCO,2011-09-01,21,18,15,14,14,13,90,76,61,1012,1011,1009,16,11,4,23,13,,265,2 ,42626783,41232432,39636042,36351226,34.1139,-118.4068,12815475.0,3295.0,1,3088,0,81.82,32,28,23,25,24,23,100,80,59,1019,1017,1016,16,16,16,23,6,35.0,73,10 ,23184634,21565448,20283541,18759938,28.4772,-81.3369,1776841.0,982.0,1,81.82
1990,1990,2011,3,192,530,140.79,Miami,Orlando,FL,FL,MIA,MCO,2011-09-01,32,29,25,26,24,23,97,83,68,1018,1016,1015,16,16,11,24,6,34.0,29,15 ,21025210,20709225,20875813,20986341,25.7839,-80.2102,6381966.0,4969.0,1,3088,0,81.82,32,28,23,25,24,23,100,80,59,1019,1017,1016,16,16,16,23,6,35.0,73,10 ,23184634,21565448,20283541,18759938,28.4772,-81.3369,1776841.0,982.0,1,81.82
1991,1991,2011,3,1310,1059,161.77,Minneapolis,Orlando,FL,FL,MSP,MCO,2011-09-01,34,28,22,23,21,19,90,70,49,1011,1007,1004,16,13,6,32,14,42.0,150,17 ,18363493,18409704,18123844,17634252,44.9635,-93.2678,2926757.0,3019.0,1,3088,0,81.82,32,28,23,25,24,23,100,80,59,1019,1017,1016,16,16,16,23,6,35.0,73,10 ,23184634,21565448,20283541,18759938,28.4772,-81.3369,1776841.0,982.0,1,81.82
1992,1992,2011,3,989,10560,150.47,New York,Orlando,FL,FL,JFK,MCO,2011-09-01,27,23,19,18,16,12,87,65,42,1023,1022,1020,16,16,16,24,9,29.0,169,6 ,30541459,29533154,29239151,27782369,40.6943,-73.9249,19354922.0,11083.0,1,3088,0,81.82,32,28,23,25,24,23,100,80,59,1019,1017,1016,16,16,16,23,6,35.0,73,10 ,23184634,21565448,20283541,18759938,28.4772,-81.3369,1776841.0,982.0,1,81.82
1993,1993,2011,3,989,10560,150.47,New York,Orlando,FL,FL,LGA,MCO,2011-09-01,27,24,21,17,13,9,68,51,33,1022,1021,1019,16,16,16,26,11,34.0,139,21 ,15059648,14614802,14706123,14762593,40.6943,-73.9249,19354922.0,11083.0,1,3088,0,81.82,32,28,23,25,24,23,100,80,59,1019,1017,1016,16,16,16,23,6,35.0,73,10 ,23184634,21565448,20283541,18759938,28.4772,-81.3369,1776841.0,982.0,1,81.82
2400,2400,2011,3,666,2066,174.92,Atlanta,Philadelphia,PA,PA,ATL,PHL,2011-09-01,35,29,24,21,18,14,79,56,32,1022,1019,1017,16,16,11,19,6,26.0,129,1 ,51866464,50251964,50501858,49340732,33.7627,-84.4225,5228750.0,1384.0,1,3088,0,81.82,28,23,17,17,15,12,93,68,42,1022,1021,1019,16,16,14,16,4,26.0,191,20 ,15285948,14271243,14564419,15101318,40.0077,-75.1339,5637884.0,4547.0,1,81.82
2401,2401,2011,3,289,2470,133.44,Boston,Philadelphia,PA,PA,BOS,PHL,2011-09-01,22,19,17,16,14,12,90,72,53,1024,1023,1021,16,16,14,23,11,26.0,67,16 ,20010262,18759742,17749202,16290362,42.3188,-71.0846,4637537.0,5472.0,1,3088,0,81.82,28,23,17,17,15,12,93,68,42,1022,1021,1019,16,16,14,16,4,26.0,191,20 ,15285948,14271243,14564419,15101318,40.0077,-75.1339,5637884.0,4547.0,1,81.82
2402,2402,2011,3,449,602,250.44,Charlotte,Philadelphia,PA,PA,CLT,PHL,2011-09-01,33,26,17,19,18,16,93,66,38,1022,1020,1017,16,16,11,21,5,24.0,315,12 ,22283574,22011251,21511880,21913166,35.2079,-80.8304,1467362.0,1081.0,1,3088,0,81.82,28,23,17,17,15,12,93,68,42,1022,1021,1019,16,16,14,16,4,26.0,191,20 ,15285948,14271243,14564419,15101318,40.0077,-75.1339,5637884.0,4547.0,1,81.82
2403,2403,2011,3,678,2412,216.91,Chicago,Philadelphia,PA,PA,ORD,PHL,2011-09-01,34,28,22,23,22,19,84,70,56,1015,1013,1011,16,15,11,26,9,37.0,197,3 ,39874879,38593028,37589899,36305668,41.8373,-87.6862,8675982.0,4612.0,1,3088,0,81.82,28,23,17,17,15,12,93,68,42,1022,1021,1019,16,16,14,16,4,26.0,191,20 ,15285948,14271243,14564419,15101318,40.0077,-75.1339,5637884.0,4547.0,1,81.82
2404,2404,2011,3,1303,1154,252.41,Dallas,Philadelphia,PA,PA,DFW,PHL,2011-09-01,38,33,27,17,14,11,51,35,19,1015,1013,1010,16,16,16,34,14,45.0,157,4 ,32800721,31816933,31283579,31589832,32.7936,-96.7662,5733259.0,1524.0,1,3088,0,81.82,28,23,17,17,15,12,93,68,42,1022,1021,1019,16,16,14,16,4,26.0,191,20 ,15285948,14271243,14564419,15101318,40.0077,-75.1339,5637884.0,4547.0,1,81.82
2405,2405,2011,3,1558,1213,238.07,Denver,Philadelphia,PA,PA,DEN,PHL,2011-09-01,36,28,20,5,3,-2,34,22,9,1016,1007,1004,16,16,16,29,15,39.0,205,5 ,31363573,29809097,28267394,26280043,39.7621,-104.8759,2787266.0,1774.0,1,3088,0,81.82,28,23,17,17,15,12,93,68,42,1022,1021,1019,16,16,14,16,4,26.0,191,20 ,15285948,14271243,14564419,15101318,40.0077,-75.1339,5637884.0,4547.0,1,81.82
2406,2406,2011,3,453,546,281.99,Detroit,Philadelphia,PA,PA,DTW,PHL,2011-09-01,33,28,22,22,20,19,84,64,44,1016,1015,1013,16,11,5,19,6,21.0,194,19 ,17437716,17036092,16826287,16255520,42.3834,-83.1024,3522206.0,1873.0,1,3088,0,81.82,28,23,17,17,15,12,93,68,42,1022,1021,1019,16,16,14,16,4,26.0,191,20 ,15285948,14271243,14564419,15101318,40.0077,-75.1339,5637884.0,4547.0,1,81.82
2407,2407,2011,3,1336,925,246.64,Houston,Philadelphia,PA,PA,IAH,PHL,2011-09-01,39,31,25,24,22,19,82,61,32,1015,1013,1010,16,16,13,27,10,34.0,77,14 ,21157948,19603731,20062072,20595874,29.7869,-95.3905,5446468.0,1401.0,1,3088,0,81.82,28,23,17,17,15,12,93,68,42,1022,1021,1019,16,16,14,16,4,26.0,191,20 ,15285948,14271243,14564419,15101318,40.0077,-75.1339,5637884.0,4547.0,1,81.82
2408,2408,2011,3,2176,1264,245.7,Las Vegas,Philadelphia,PA,PA,LAS,PHL,2011-09-01,39,33,26,-12,-16,-27,7,4,1,1008,1005,1003,16,16,16,39,24,48.0,206,9 ,23655285,23364393,22833267,21824231,36.2333,-115.2654,2073045.0,1747.0,1,3088,0,81.82,28,23,17,17,15,12,93,68,42,1022,1021,1019,16,16,14,16,4,26.0,191,20 ,15285948,14271243,14564419,15101318,40.0077,-75.1339,5637884.0,4547.0,1,81.82
2409,2409,2011,3,2402,1849,321.66,Los Angeles,Philadelphia,PA,PA,LAX,PHL,2011-09-01,21,18,15,14,14,13,90,76,61,1012,1011,1009,16,11,4,23,13,,265,2 ,42626783,41232432,39636042,36351226,34.1139,-118.4068,12815475.0,3295.0,1,3088,0,81.82,28,23,17,17,15,12,93,68,42,1022,1021,1019,16,16,14,16,4,26.0,191,20 ,15285948,14271243,14564419,15101318,40.0077,-75.1339,5637884.0,4547.0,1,81.82
2410,2410,2011,3,1013,1492,187.8,Miami,Philadelphia,PA,PA,MIA,PHL,2011-09-01,32,29,25,26,24,23,97,83,68,1018,1016,1015,16,16,11,24,6,34.0,29,15 ,21025210,20709225,20875813,20986341,25.7839,-80.2102,6381966.0,4969.0,1,3088,0,81.82,28,23,17,17,15,12,93,68,42,1022,1021,1019,16,16,14,16,4,26.0,191,20 ,15285948,14271243,14564419,15101318,40.0077,-75.1339,5637884.0,4547.0,1,81.82
2411,2411,2011,3,980,751,275.51,Minneapolis,Philadelphia,PA,PA,MSP,PHL,2011-09-01,34,28,22,23,21,19,90,70,49,1011,1007,1004,16,13,6,32,14,42.0,150,17 ,18363493,18409704,18123844,17634252,44.9635,-93.2678,2926757.0,3019.0,1,3088,0,81.82,28,23,17,17,15,12,93,68,42,1022,1021,1019,16,16,14,16,4,26.0,191,20 ,15285948,14271243,14564419,15101318,40.0077,-75.1339,5637884.0,4547.0,1,81.82
2412,2412,2011,3,861,3062,129.82,Orlando,Philadelphia,PA,PA,MCO,PHL,2011-09-01,32,28,23,25,24,23,100,80,59,1019,1017,1016,16,16,16,23,6,35.0,73,10 ,23184634,21565448,20283541,18759938,28.4772,-81.3369,1776841.0,982.0,1,3088,0,81.82,28,23,17,17,15,12,93,68,42,1022,1021,1019,16,16,14,16,4,26.0,191,20 ,15285948,14271243,14564419,15101318,40.0077,-75.1339,5637884.0,4547.0,1,81.82
2790,2790,2011,3,1587,863,190.23,Atlanta,Phoenix,AZ,AZ,ATL,PHX,2011-09-01,35,29,24,21,18,14,79,56,32,1022,1019,1017,16,16,11,19,6,26.0,129,1 ,51866464,50251964,50501858,49340732,33.7627,-84.4225,5228750.0,1384.0,1,3088,0,81.82,44,38,32,14,10,2,34,23,11,1008,1004,1001,16,16,16,24,11,34.0,154,13 ,21623842,21185458,20896265,21351445,33.5722,-112.0891,4081849.0,1212.0,1,81.82
2791,2791,2011,3,2300,1173,215.21,Boston,Phoenix,AZ,AZ,BOS,PHX,2011-09-01,22,19,17,16,14,12,90,72,53,1024,1023,1021,16,16,14,23,11,26.0,67,16 ,20010262,18759742,17749202,16290362,42.3188,-71.0846,4637537.0,5472.0,1,3088,0,81.82,44,38,32,14,10,2,34,23,11,1008,1004,1001,16,16,16,24,11,34.0,154,13 ,21623842,21185458,20896265,21351445,33.5722,-112.0891,4081849.0,1212.0,1,81.82
2792,2792,2011,3,1773,297,312.36,Charlotte,Phoenix,AZ,AZ,CLT,PHX,2011-09-01,33,26,17,19,18,16,93,66,38,1022,1020,1017,16,16,11,21,5,24.0,315,12 ,22283574,22011251,21511880,21913166,35.2079,-80.8304,1467362.0,1081.0,1,3088,0,81.82,44,38,32,14,10,2,34,23,11,1008,1004,1001,16,16,16,24,11,34.0,154,13 ,21623842,21185458,20896265,21351445,33.5722,-112.0891,4081849.0,1212.0,1,81.82
2793,2793,2011,3,1444,2216,205.75,Chicago,Phoenix,AZ,AZ,ORD,PHX,2011-09-01,34,28,22,23,22,19,84,70,56,1015,1013,1011,16,15,11,26,9,37.0,197,3 ,39874879,38593028,37589899,36305668,41.8373,-87.6862,8675982.0,4612.0,1,3088,0,81.82,44,38,32,14,10,2,34,23,11,1008,1004,1001,16,16,16,24,11,34.0,154,13 ,21623842,21185458,20896265,21351445,33.5722,-112.0891,4081849.0,1212.0,1,81.82
2794,2794,2011,3,879,1163,214.81,Dallas,Phoenix,AZ,AZ,DFW,PHX,2011-09-01,38,33,27,17,14,11,51,35,19,1015,1013,1010,16,16,16,34,14,45.0,157,4 ,32800721,31816933,31283579,31589832,32.7936,-96.7662,5733259.0,1524.0,1,3088,0,81.82,44,38,32,14,10,2,34,23,11,1008,1004,1001,16,16,16,24,11,34.0,154,13 ,21623842,21185458,20896265,21351445,33.5722,-112.0891,4081849.0,1212.0,1,81.82
2795,2795,2011,3,602,2415,118.34,Denver,Phoenix,AZ,AZ,DEN,PHX,2011-09-01,36,28,20,5,3,-2,34,22,9,1016,1007,1004,16,16,16,29,15,39.0,205,5 ,31363573,29809097,28267394,26280043,39.7621,-104.8759,2787266.0,1774.0,1,3088,0,81.82,44,38,32,14,10,2,34,23,11,1008,1004,1001,16,16,16,24,11,34.0,154,13 ,21623842,21185458,20896265,21351445,33.5722,-112.0891,4081849.0,1212.0,1,81.82
2796,2796,2011,3,1671,1021,195.5,Detroit,Phoenix,AZ,AZ,DTW,PHX,2011-09-01,33,28,22,22,20,19,84,64,44,1016,1015,1013,16,11,5,19,6,21.0,194,19 ,17437716,17036092,16826287,16255520,42.3834,-83.1024,3522206.0,1873.0,1,3088,0,81.82,44,38,32,14,10,2,34,23,11,1008,1004,1001,16,16,16,24,11,34.0,154,13 ,21623842,21185458,20896265,21351445,33.5722,-112.0891,4081849.0,1212.0,1,81.82
2797,2797,2011,3,1020,751,216.77,Houston,Phoenix,AZ,AZ,IAH,PHX,2011-09-01,39,31,25,24,22,19,82,61,32,1015,1013,1010,16,16,13,27,10,34.0,77,14 ,21157948,19603731,20062072,20595874,29.7869,-95.3905,5446468.0,1401.0,1,3088,0,81.82,44,38,32,14,10,2,34,23,11,1008,1004,1001,16,16,16,24,11,34.0,154,13 ,21623842,21185458,20896265,21351445,33.5722,-112.0891,4081849.0,1212.0,1,81.82
2798,2798,2011,3,255,1618,126.37,Las Vegas,Phoenix,AZ,AZ,LAS,PHX,2011-09-01,39,33,26,-12,-16,-27,7,4,1,1008,1005,1003,16,16,16,39,24,48.0,206,9 ,23655285,23364393,22833267,21824231,36.2333,-115.2654,2073045.0,1747.0,1,3088,0,81.82,44,38,32,14,10,2,34,23,11,1008,1004,1001,16,16,16,24,11,34.0,154,13 ,21623842,21185458,20896265,21351445,33.5722,-112.0891,4081849.0,1212.0,1,81.82
2799,2799,2011,3,370,4438,134.42,Los Angeles,Phoenix,AZ,AZ,LAX,PHX,2011-09-01,21,18,15,14,14,13,90,76,61,1012,1011,1009,16,11,4,23,13,,265,2 ,42626783,41232432,39636042,36351226,34.1139,-118.4068,12815475.0,3295.0,1,3088,0,81.82,44,38,32,14,10,2,34,23,11,1008,1004,1001,16,16,16,24,11,34.0,154,13 ,21623842,21185458,20896265,21351445,33.5722,-112.0891,4081849.0,1212.0,1,81.82
2800,2800,2011,3,1972,502,220.99,Miami,Phoenix,AZ,AZ,MIA,PHX,2011-09-01,32,29,25,26,24,23,97,83,68,1018,1016,1015,16,16,11,24,6,34.0,29,15 ,21025210,20709225,20875813,20986341,25.7839,-80.2102,6381966.0,4969.0,1,3088,0,81.82,44,38,32,14,10,2,34,23,11,1008,1004,1001,16,16,16,24,11,34.0,154,13 ,21623842,21185458,20896265,21351445,33.5722,-112.0891,4081849.0,1212.0,1,81.82
2801,2801,2011,3,1276,1185,175.72,Minneapolis,Phoenix,AZ,AZ,MSP,PHX,2011-09-01,34,28,22,23,21,19,90,70,49,1011,1007,1004,16,13,6,32,14,42.0,150,17 ,18363493,18409704,18123844,17634252,44.9635,-93.2678,2926757.0,3019.0,1,3088,0,81.82,44,38,32,14,10,2,34,23,11,1008,1004,1001,16,16,16,24,11,34.0,154,13 ,21623842,21185458,20896265,21351445,33.5722,-112.0891,4081849.0,1212.0,1,81.82
2802,2802,2011,3,2189,2339,244.2,New York,Phoenix,AZ,AZ,JFK,PHX,2011-09-01,27,23,19,18,16,12,87,65,42,1023,1022,1020,16,16,16,24,9,29.0,169,6 ,30541459,29533154,29239151,27782369,40.6943,-73.9249,19354922.0,11083.0,1,3088,0,81.82,44,38,32,14,10,2,34,23,11,1008,1004,1001,16,16,16,24,11,34.0,154,13 ,21623842,21185458,20896265,21351445,33.5722,-112.0891,4081849.0,1212.0,1,81.82
2803,2803,2011,3,2189,2339,244.2,New York,Phoenix,AZ,AZ,LGA,PHX,2011-09-01,27,24,21,17,13,9,68,51,33,1022,1021,1019,16,16,16,26,11,34.0,139,21 ,15059648,14614802,14706123,14762593,40.6943,-73.9249,19354922.0,11083.0,1,3088,0,81.82,44,38,32,14,10,2,34,23,11,1008,1004,1001,16,16,16,24,11,34.0,154,13 ,21623842,21185458,20896265,21351445,33.5722,-112.0891,4081849.0,1212.0,1,81.82
2804,2804,2011,3,1849,558,208.86,Orlando,Phoenix,AZ,AZ,MCO,PHX,2011-09-01,32,28,23,25,24,23,100,80,59,1019,1017,1016,16,16,16,23,6,35.0,73,10 ,23184634,21565448,20283541,18759938,28.4772,-81.3369,1776841.0,982.0,1,3088,0,81.82,44,38,32,14,10,2,34,23,11,1008,1004,1001,16,16,16,24,11,34.0,154,13 ,21623842,21185458,20896265,21351445,33.5722,-112.0891,4081849.0,1212.0,1,81.82
2805,2805,2011,3,2075,830,251.74,Philadelphia,Phoenix,AZ,AZ,PHL,PHX,2011-09-01,28,23,17,17,15,12,93,68,42,1022,1021,1019,16,16,14,16,4,26.0,191,20 ,15285948,14271243,14564419,15101318,40.0077,-75.1339,5637884.0,4547.0,1,3088,0,81.82,44,38,32,14,10,2,34,23,11,1008,1004,1001,16,16,16,24,11,34.0,154,13 ,21623842,21185458,20896265,21351445,33.5722,-112.0891,4081849.0,1212.0,1,81.82
3270,3270,2011,3,2139,1677,275.6,Atlanta,San Francisco,CA ,CA ,ATL,SFO,2011-09-01,35,29,24,21,18,14,79,56,32,1022,1019,1017,16,16,11,19,6,26.0,129,1 ,51866464,50251964,50501858,49340732,33.7627,-84.4225,5228750.0,1384.0,1,3088,0,81.82,22,17,12,13,11,9,83,69,55,1012,1010,1008,16,16,16,39,15,45.0,276,7 ,27794154,26900048,25707101,24190549,37.7562,-122.443,3603761.0,7286.0,1,81.82
3271,3271,2011,3,2704,3709,319.63,Boston,San Francisco,CA ,CA ,BOS,SFO,2011-09-01,22,19,17,16,14,12,90,72,53,1024,1023,1021,16,16,14,23,11,26.0,67,16 ,20010262,18759742,17749202,16290362,42.3188,-71.0846,4637537.0,5472.0,1,3088,0,81.82,22,17,12,13,11,9,83,69,55,1012,1010,1008,16,16,16,39,15,45.0,276,7 ,27794154,26900048,25707101,24190549,37.7562,-122.443,3603761.0,7286.0,1,81.82
3272,3272,2011,3,2296,584,342.16,Charlotte,San Francisco,CA ,CA ,CLT,SFO,2011-09-01,33,26,17,19,18,16,93,66,38,1022,1020,1017,16,16,11,21,5,24.0,315,12 ,22283574,22011251,21511880,21913166,35.2079,-80.8304,1467362.0,1081.0,1,3088,0,81.82,22,17,12,13,11,9,83,69,55,1012,1010,1008,16,16,16,39,15,45.0,276,7 ,27794154,26900048,25707101,24190549,37.7562,-122.443,3603761.0,7286.0,1,81.82
3273,3273,2011,3,1855,4548,250.61,Chicago,San Francisco,CA ,CA ,ORD,SFO,2011-09-01,34,28,22,23,22,19,84,70,56,1015,1013,1011,16,15,11,26,9,37.0,197,3 ,39874879,38593028,37589899,36305668,41.8373,-87.6862,8675982.0,4612.0,1,3088,0,81.82,22,17,12,13,11,9,83,69,55,1012,1010,1008,16,16,16,39,15,45.0,276,7 ,27794154,26900048,25707101,24190549,37.7562,-122.443,3603761.0,7286.0,1,81.82
3274,3274,2011,3,1476,2751,210.75,Dallas,San Francisco,CA ,CA ,DFW,SFO,2011-09-01,38,33,27,17,14,11,51,35,19,1015,1013,1010,16,16,16,34,14,45.0,157,4 ,32800721,31816933,31283579,31589832,32.7936,-96.7662,5733259.0,1524.0,1,3088,0,81.82,22,17,12,13,11,9,83,69,55,1012,1010,1008,16,16,16,39,15,45.0,276,7 ,27794154,26900048,25707101,24190549,37.7562,-122.443,3603761.0,7286.0,1,81.82
3275,3275,2011,3,967,3422,186.0,Denver,San Francisco,CA ,CA ,DEN,SFO,2011-09-01,36,28,20,5,3,-2,34,22,9,1016,1007,1004,16,16,16,29,15,39.0,205,5 ,31363573,29809097,28267394,26280043,39.7621,-104.8759,2787266.0,1774.0,1,3088,0,81.82,22,17,12,13,11,9,83,69,55,1012,1010,1008,16,16,16,39,15,45.0,276,7 ,27794154,26900048,25707101,24190549,37.7562,-122.443,3603761.0,7286.0,1,81.82
3276,3276,2011,3,2079,1125,290.55,Detroit,San Francisco,CA ,CA ,DTW,SFO,2011-09-01,33,28,22,22,20,19,84,64,44,1016,1015,1013,16,11,5,19,6,21.0,194,19 ,17437716,17036092,16826287,16255520,42.3834,-83.1024,3522206.0,1873.0,1,3088,0,81.82,22,17,12,13,11,9,83,69,55,1012,1010,1008,16,16,16,39,15,45.0,276,7 ,27794154,26900048,25707101,24190549,37.7562,-122.443,3603761.0,7286.0,1,81.82
3277,3277,2011,3,1649,1639,297.12,Houston,San Francisco,CA ,CA ,IAH,SFO,2011-09-01,39,31,25,24,22,19,82,61,32,1015,1013,1010,16,16,13,27,10,34.0,77,14 ,21157948,19603731,20062072,20595874,29.7869,-95.3905,5446468.0,1401.0,1,3088,0,81.82,22,17,12,13,11,9,83,69,55,1012,1010,1008,16,16,16,39,15,45.0,276,7 ,27794154,26900048,25707101,24190549,37.7562,-122.443,3603761.0,7286.0,1,81.82
3278,3278,2011,3,414,6318,128.33,Las Vegas,San Francisco,CA ,CA ,LAS,SFO,2011-09-01,39,33,26,-12,-16,-27,7,4,1,1008,1005,1003,16,16,16,39,24,48.0,206,9 ,23655285,23364393,22833267,21824231,36.2333,-115.2654,2073045.0,1747.0,1,3088,0,81.82,22,17,12,13,11,9,83,69,55,1012,1010,1008,16,16,16,39,15,45.0,276,7 ,27794154,26900048,25707101,24190549,37.7562,-122.443,3603761.0,7286.0,1,81.82
3279,3279,2011,3,372,18777,131.04,Los Angeles,San Francisco,CA ,CA ,LAX,SFO,2011-09-01,21,18,15,14,14,13,90,76,61,1012,1011,1009,16,11,4,23,13,,265,2 ,42626783,41232432,39636042,36351226,34.1139,-118.4068,12815475.0,3295.0,1,3088,0,81.82,22,17,12,13,11,9,83,69,55,1012,1010,1008,16,16,16,39,15,45.0,276,7 ,27794154,26900048,25707101,24190549,37.7562,-122.443,3603761.0,7286.0,1,81.82
3280,3280,2011,3,2585,1360,268.34,Miami,San Francisco,CA ,CA ,MIA,SFO,2011-09-01,32,29,25,26,24,23,97,83,68,1018,1016,1015,16,16,11,24,6,34.0,29,15 ,21025210,20709225,20875813,20986341,25.7839,-80.2102,6381966.0,4969.0,1,3088,0,81.82,22,17,12,13,11,9,83,69,55,1012,1010,1008,16,16,16,39,15,45.0,276,7 ,27794154,26900048,25707101,24190549,37.7562,-122.443,3603761.0,7286.0,1,81.82
3281,3281,2011,3,1589,1515,269.71,Minneapolis,San Francisco,CA ,CA ,MSP,SFO,2011-09-01,34,28,22,23,21,19,90,70,49,1011,1007,1004,16,13,6,32,14,42.0,150,17 ,18363493,18409704,18123844,17634252,44.9635,-93.2678,2926757.0,3019.0,1,3088,0,81.82,22,17,12,13,11,9,83,69,55,1012,1010,1008,16,16,16,39,15,45.0,276,7 ,27794154,26900048,25707101,24190549,37.7562,-122.443,3603761.0,7286.0,1,81.82
3282,3282,2011,3,2619,7711,386.61,New York,San Francisco,CA ,CA ,JFK,SFO,2011-09-01,27,23,19,18,16,12,87,65,42,1023,1022,1020,16,16,16,24,9,29.0,169,6 ,30541459,29533154,29239151,27782369,40.6943,-73.9249,19354922.0,11083.0,1,3088,0,81.82,22,17,12,13,11,9,83,69,55,1012,1010,1008,16,16,16,39,15,45.0,276,7 ,27794154,26900048,25707101,24190549,37.7562,-122.443,3603761.0,7286.0,1,81.82
3283,3283,2011,3,2619,7711,386.61,New York,San Francisco,CA ,CA ,LGA,SFO,2011-09-01,27,24,21,17,13,9,68,51,33,1022,1021,1019,16,16,16,26,11,34.0,139,21 ,15059648,14614802,14706123,14762593,40.6943,-73.9249,19354922.0,11083.0,1,3088,0,81.82,22,17,12,13,11,9,83,69,55,1012,1010,1008,16,16,16,39,15,45.0,276,7 ,27794154,26900048,25707101,24190549,37.7562,-122.443,3603761.0,7286.0,1,81.82
3284,3284,2011,3,2446,908,266.86,Orlando,San Francisco,CA ,CA ,MCO,SFO,2011-09-01,32,28,23,25,24,23,100,80,59,1019,1017,1016,16,16,16,23,6,35.0,73,10 ,23184634,21565448,20283541,18759938,28.4772,-81.3369,1776841.0,982.0,1,3088,0,81.82,22,17,12,13,11,9,83,69,55,1012,1010,1008,16,16,16,39,15,45.0,276,7 ,27794154,26900048,25707101,24190549,37.7562,-122.443,3603761.0,7286.0,1,81.82
3285,3285,2011,3,2521,1545,353.86,Philadelphia,San Francisco,CA ,CA ,PHL,SFO,2011-09-01,28,23,17,17,15,12,93,68,42,1022,1021,1019,16,16,14,16,4,26.0,191,20 ,15285948,14271243,14564419,15101318,40.0077,-75.1339,5637884.0,4547.0,1,3088,0,81.82,22,17,12,13,11,9,83,69,55,1012,1010,1008,16,16,16,39,15,45.0,276,7 ,27794154,26900048,25707101,24190549,37.7562,-122.443,3603761.0,7286.0,1,81.82
3286,3286,2011,3,651,2847,178.36,Phoenix,San Francisco,CA ,CA ,PHX,SFO,2011-09-01,44,38,32,14,10,2,34,23,11,1008,1004,1001,16,16,16,24,11,34.0,154,13 ,21623842,21185458,20896265,21351445,33.5722,-112.0891,4081849.0,1212.0,1,3088,0,81.82,22,17,12,13,11,9,83,69,55,1012,1010,1008,16,16,16,39,15,45.0,276,7 ,27794154,26900048,25707101,24190549,37.7562,-122.443,3603761.0,7286.0,1,81.82
3780,3780,2011,3,2182,1136,261.18,Atlanta,Seattle,WA,WA,ATL,SEA,2011-09-01,35,29,24,21,18,14,79,56,32,1022,1019,1017,16,16,11,19,6,26.0,129,1 ,51866464,50251964,50501858,49340732,33.7627,-84.4225,5228750.0,1384.0,1,3088,0,81.82,23,17,10,11,9,7,89,64,38,1024,1022,1020,16,15,10,29,10,34.0,211,8 ,24894338,22639124,21887110,21231781,47.6211,-122.3244,3643765.0,3336.0,1,81.82
3781,3781,2011,3,2496,1384,297.27,Boston,Seattle,WA,WA,BOS,SEA,2011-09-01,22,19,17,16,14,12,90,72,53,1024,1023,1021,16,16,14,23,11,26.0,67,16 ,20010262,18759742,17749202,16290362,42.3188,-71.0846,4637537.0,5472.0,1,3088,0,81.82,23,17,10,11,9,7,89,64,38,1024,1022,1020,16,15,10,29,10,34.0,211,8 ,24894338,22639124,21887110,21231781,47.6211,-122.3244,3643765.0,3336.0,1,81.82
3782,3782,2011,3,2279,386,294.22,Charlotte,Seattle,WA,WA,CLT,SEA,2011-09-01,33,26,17,19,18,16,93,66,38,1022,1020,1017,16,16,11,21,5,24.0,315,12 ,22283574,22011251,21511880,21913166,35.2079,-80.8304,1467362.0,1081.0,1,3088,0,81.82,23,17,10,11,9,7,89,64,38,1024,1022,1020,16,15,10,29,10,34.0,211,8 ,24894338,22639124,21887110,21231781,47.6211,-122.3244,3643765.0,3336.0,1,81.82
3783,3783,2011,3,1733,1941,260.53,Chicago,Seattle,WA,WA,ORD,SEA,2011-09-01,34,28,22,23,22,19,84,70,56,1015,1013,1011,16,15,11,26,9,37.0,197,3 ,39874879,38593028,37589899,36305668,41.8373,-87.6862,8675982.0,4612.0,1,3088,0,81.82,23,17,10,11,9,7,89,64,38,1024,1022,1020,16,15,10,29,10,34.0,211,8 ,24894338,22639124,21887110,21231781,47.6211,-122.3244,3643765.0,3336.0,1,81.82
3784,3784,2011,3,1670,1392,249.4,Dallas,Seattle,WA,WA,DFW,SEA,2011-09-01,38,33,27,17,14,11,51,35,19,1015,1013,1010,16,16,16,34,14,45.0,157,4 ,32800721,31816933,31283579,31589832,32.7936,-96.7662,5733259.0,1524.0,1,3088,0,81.82,23,17,10,11,9,7,89,64,38,1024,1022,1020,16,15,10,29,10,34.0,211,8 ,24894338,22639124,21887110,21231781,47.6211,-122.3244,3643765.0,3336.0,1,81.82
3785,3785,2011,3,1024,2191,179.31,Denver,Seattle,WA,WA,DEN,SEA,2011-09-01,36,28,20,5,3,-2,34,22,9,1016,1007,1004,16,16,16,29,15,39.0,205,5 ,31363573,29809097,28267394,26280043,39.7621,-104.8759,2787266.0,1774.0,1,3088,0,81.82,23,17,10,11,9,7,89,64,38,1024,1022,1020,16,15,10,29,10,34.0,211,8 ,24894338,22639124,21887110,21231781,47.6211,-122.3244,3643765.0,3336.0,1,81.82
3786,3786,2011,3,1927,677,303.42,Detroit,Seattle,WA,WA,DTW,SEA,2011-09-01,33,28,22,22,20,19,84,64,44,1016,1015,1013,16,11,5,19,6,21.0,194,19 ,17437716,17036092,16826287,16255520,42.3834,-83.1024,3522206.0,1873.0,1,3088,0,81.82,23,17,10,11,9,7,89,64,38,1024,1022,1020,16,15,10,29,10,34.0,211,8 ,24894338,22639124,21887110,21231781,47.6211,-122.3244,3643765.0,3336.0,1,81.82
3787,3787,2011,3,1894,1021,232.21,Houston,Seattle,WA,WA,IAH,SEA,2011-09-01,39,31,25,24,22,19,82,61,32,1015,1013,1010,16,16,13,27,10,34.0,77,14 ,21157948,19603731,20062072,20595874,29.7869,-95.3905,5446468.0,1401.0,1,3088,0,81.82,23,17,10,11,9,7,89,64,38,1024,1022,1020,16,15,10,29,10,34.0,211,8 ,24894338,22639124,21887110,21231781,47.6211,-122.3244,3643765.0,3336.0,1,81.82
3788,3788,2011,3,867,2285,150.25,Las Vegas,Seattle,WA,WA,LAS,SEA,2011-09-01,39,33,26,-12,-16,-27,7,4,1,1008,1005,1003,16,16,16,39,24,48.0,206,9 ,23655285,23364393,22833267,21824231,36.2333,-115.2654,2073045.0,1747.0,1,3088,0,81.82,23,17,10,11,9,7,89,64,38,1024,1022,1020,16,15,10,29,10,34.0,211,8 ,24894338,22639124,21887110,21231781,47.6211,-122.3244,3643765.0,3336.0,1,81.82
3789,3789,2011,3,978,6679,168.01,Los Angeles,Seattle,WA,WA,LAX,SEA,2011-09-01,21,18,15,14,14,13,90,76,61,1012,1011,1009,16,11,4,23,13,,265,2 ,42626783,41232432,39636042,36351226,34.1139,-118.4068,12815475.0,3295.0,1,3088,0,81.82,23,17,10,11,9,7,89,64,38,1024,1022,1020,16,15,10,29,10,34.0,211,8 ,24894338,22639124,21887110,21231781,47.6211,-122.3244,3643765.0,3336.0,1,81.82
3790,3790,2011,3,2724,502,282.96,Miami,Seattle,WA,WA,MIA,SEA,2011-09-01,32,29,25,26,24,23,97,83,68,1018,1016,1015,16,16,11,24,6,34.0,29,15 ,21025210,20709225,20875813,20986341,25.7839,-80.2102,6381966.0,4969.0,1,3088,0,81.82,23,17,10,11,9,7,89,64,38,1024,1022,1020,16,15,10,29,10,34.0,211,8 ,24894338,22639124,21887110,21231781,47.6211,-122.3244,3643765.0,3336.0,1,81.82
3791,3791,2011,3,1399,1282,231.19,Minneapolis,Seattle,WA,WA,MSP,SEA,2011-09-01,34,28,22,23,21,19,90,70,49,1011,1007,1004,16,13,6,32,14,42.0,150,17 ,18363493,18409704,18123844,17634252,44.9635,-93.2678,2926757.0,3019.0,1,3088,0,81.82,23,17,10,11,9,7,89,64,38,1024,1022,1020,16,15,10,29,10,34.0,211,8 ,24894338,22639124,21887110,21231781,47.6211,-122.3244,3643765.0,3336.0,1,81.82
3792,3792,2011,3,2448,2484,325.47,New York,Seattle,WA,WA,JFK,SEA,2011-09-01,27,23,19,18,16,12,87,65,42,1023,1022,1020,16,16,16,24,9,29.0,169,6 ,30541459,29533154,29239151,27782369,40.6943,-73.9249,19354922.0,11083.0,1,3088,0,81.82,23,17,10,11,9,7,89,64,38,1024,1022,1020,16,15,10,29,10,34.0,211,8 ,24894338,22639124,21887110,21231781,47.6211,-122.3244,3643765.0,3336.0,1,81.82
3793,3793,2011,3,2448,2484,325.47,New York,Seattle,WA,WA,LGA,SEA,2011-09-01,27,24,21,17,13,9,68,51,33,1022,1021,1019,16,16,16,26,11,34.0,139,21 ,15059648,14614802,14706123,14762593,40.6943,-73.9249,19354922.0,11083.0,1,3088,0,81.82,23,17,10,11,9,7,89,64,38,1024,1022,1020,16,15,10,29,10,34.0,211,8 ,24894338,22639124,21887110,21231781,47.6211,-122.3244,3643765.0,3336.0,1,81.82
3794,3794,2011,3,2554,661,242.97,Orlando,Seattle,WA,WA,MCO,SEA,2011-09-01,32,28,23,25,24,23,100,80,59,1019,1017,1016,16,16,16,23,6,35.0,73,10 ,23184634,21565448,20283541,18759938,28.4772,-81.3369,1776841.0,982.0,1,3088,0,81.82,23,17,10,11,9,7,89,64,38,1024,1022,1020,16,15,10,29,10,34.0,211,8 ,24894338,22639124,21887110,21231781,47.6211,-122.3244,3643765.0,3336.0,1,81.82
3795,3795,2011,3,2378,673,310.39,Philadelphia,Seattle,WA,WA,PHL,SEA,2011-09-01,28,23,17,17,15,12,93,68,42,1022,1021,1019,16,16,14,16,4,26.0,191,20 ,15285948,14271243,14564419,15101318,40.0077,-75.1339,5637884.0,4547.0,1,3088,0,81.82,23,17,10,11,9,7,89,64,38,1024,1022,1020,16,15,10,29,10,34.0,211,8 ,24894338,22639124,21887110,21231781,47.6211,-122.3244,3643765.0,3336.0,1,81.82
3796,3796,2011,3,1107,1702,177.73,Phoenix,Seattle,WA,WA,PHX,SEA,2011-09-01,44,38,32,14,10,2,34,23,11,1008,1004,1001,16,16,16,24,11,34.0,154,13 ,21623842,21185458,20896265,21351445,33.5722,-112.0891,4081849.0,1212.0,1,3088,0,81.82,23,17,10,11,9,7,89,64,38,1024,1022,1020,16,15,10,29,10,34.0,211,8 ,24894338,22639124,21887110,21231781,47.6211,-122.3244,3643765.0,3336.0,1,81.82
3797,3797,2011,3,697,5782,151.11,San Francisco,Seattle,WA,WA,SFO,SEA,2011-09-01,22,17,12,13,11,9,83,69,55,1012,1010,1008,16,16,16,39,15,45.0,276,7 ,27794154,26900048,25707101,24190549,37.7562,-122.443,3603761.0,7286.0,1,3088,0,81.82,23,17,10,11,9,7,89,64,38,1024,1022,1020,16,15,10,29,10,34.0,211,8 ,24894338,22639124,21887110,21231781,47.6211,-122.3244,3643765.0,3336.0,1,81.82
